"DT_GERACAO";"HH_GERACAO";"AA_ELEICAO";"CD_ELEICAO";"NM_ELEICAO";"SG_UF";"SG_UE";"NM_UE";"NR_PROTOCOLO_REGISTRO";"DT_REGISTRO";"ST_PESQUISA_PROPRIA";"NR_CNPJ_EMPRESA";"NM_EMPRESA";"NM_EMPRESA_FANTASIA";"DS_CARGO";"DT_INICIO_PESQUISA";"DT_FIM_PESQUISA";"DT_DIVULGACAO";"QT_ENTREVISTADO";"CD_CONRE";"NM_ESTATISTICO_RESP";"VR_PESQUISA";"DS_METODOLOGIA_PESQUISA";"DS_PLANO_AMOSTRAL";"DS_SISTEMA_CONTROLE";"DS_DADO_MUNICIPIO"
"21/07/2026";"05:46:28";2026;81;"Eleições Gerais 2026";"MG";"MG";"MINAS GERAIS";"MG059112026";"2026-05-03 21:03:40";"S";"00654576000172";"INSTITUTO VERITA LTDA";"VERITA";"Governador, Senador";"2026-05-04 00:00:00";"2026-05-08 00:00:00";"2026-05-09 00:00:00";2030;"10699";"GUILHERME ALVARENGA LAIA";"156310,00";"Pesquisa quantitativa, que consiste na realização de entrevistas, com a aplicação de questionário estruturado junto a uma amostra representativa do eleitorado desta Unidade da Federação.";"ESTUDO REPRESENTATIVO DO ELEITORADO DO ESTADO DE MINAS GERAIS - MÉTODO PPT (Probabilidade Proporcional ao Tamanho) - PLANO AMOSTRAL E PONDERAÇÃO QUANTO A SEXO, IDADE, GRAU DE INSTRUÇÃO E NÍVEL ECONÔMICO DO ENTREVISTADO; INTERVALO DE CONFIANÇA E MARGEM DE ERRO: Representativo do eleitorado da área em estudo, elaborada, em vários estágios, da seguinte forma: - 1. Divisão da UF em estratos proporcionais de municípios. 2. Ordenação dos municípios de cada estrato segundo o porte. 3. Sorteio dos municípios de cada estrato. 4. Os respondentes são selecionados através de quotas amostrais proporcionais em função de variáveis significativas, a saber: GÊNERO / FAIXA ETÁRIA - FEMININO E MASCULINO 16 A 34 ANOS 14,9% E 14%, 35 A 54 ANOS 19,3% E 17,9%, 55 ANOS OU MAIS 18,3% E 15,6%. GRAU DE INSTRUÇÃO ¿ FEMININO E MASCULINO Sem instrução até Ensino Médio completo 64,1%, Ensino superior incompleto e completo 35,9% NÍVEL ECONÔMICO - FEMININO população não economicamente ativa 46,5% população economicamente ativa 53,5% MASCULINO população não economicamente ativa 27,2% população economicamente ativa 72,8%. RENDA FAMILIAR DO DOMICÍLIO renda familiar de até 2 salários-mínimos 30,7%; de 2 a 5 salários-mínimos 44,2%, acima de 5 salários-mínimos 25,1%. Está prevista eventual ponderação para correção das variáveis, com base nos percentuais anteriormente mencionados, caso ocorram diferenças superiores a margem de erro da pesquisa previsto entre a amostra e a coleta de dados realizada. O fator previsto para ponderação é 1 (resultados obtidos na coleta de dados). O intervalo de confiança estimado é de 95% e a margem de erro máxima estimada considerando um modelo de amostragem aleatório simples, é de aproximadamente 2,5 pontos percentuais para mais ou para menos sobre os resultados encontrados no total da amostra. FONTE DOS DADOS: IBGE/Censo 2022 para fins de densidade demográfica, setores censitários e alocação da amostra. IBGE/PNAD/PNADC/MEC/INEP para fins de Nível Econômico e Escolaridade. TSE FEVEREIRO/2026 para fins de Sexo, Faixa Etária e eleitorado por município ou regiões previamente definidas (importante ressaltar para o público leigo que os dados do TSE são os únicos corretos para gênero, idade dos eleitores e quantitativo de eleitores por municípios já que a base de dados se atualiza automaticamente, PORÉM, dados de escolaridade e nível econômico NÃO são corretos e confiáveis devido a desatualização que ocorre naturalmente com o passar dos anos). Definição de margem de erro e intervalo de confiança: Margem de erro e intervalo de confiança não são grandezas diretamente proporcionais. A SOMA NÃO TEM QUE RESULTAR 100%. ";"Após os trabalhos de coleta de dados, os questionários são submetidos a uma fiscalização, conferência e checagem de cerca de 20% (vinte por cento) dos questionários aplicados.";"A relação dos municípios sorteados ou selecionados para esta pesquisa será apresentada em arquivo anexo até 1 (um) dia após a divulgação desta pesquisa conforme §7º. do art. 2º. da Resolução-TSE nº. 23.600/2019. A área de abrangência desta pesquisa é o Estado DE MINAS GERAIS"
"21/07/2026";"05:46:28";2026;81;"Eleições Gerais 2026";"MG";"MG";"MINAS GERAIS";"MG099272026";"2026-03-23 23:28:14";"S";"00654576000172";"INSTITUTO VERITA LTDA";"VERITA";"Governador, Senador, Deputado Federal, Deputado Estadual";"2026-03-24 00:00:00";"2026-03-30 00:00:00";"2026-03-29 00:00:00";2030;"10699";"GUILHERME ALVARENGA LAIA";"156310,00";"Pesquisa quantitativa, que consiste na realização de entrevistas, com a aplicação de questionário estruturado junto a uma amostra representativa do eleitorado desta Unidade da Federação.";"ESTUDO REPRESENTATIVO DO ELEITORADO DO ESTADO DE MINAS GERAIS - MÉTODO PPT (Probabilidade Proporcional ao Tamanho) - PLANO AMOSTRAL E PONDERAÇÃO QUANTO A SEXO, IDADE, GRAU DE INSTRUÇÃO E NÍVEL ECONÔMICO DO ENTREVISTADO; INTERVALO DE CONFIANÇA E MARGEM DE ERRO: Representativo do eleitorado da área em estudo, elaborada, em vários estágios, da seguinte forma: - 1. Divisão da UF em estratos proporcionais de municípios. 2. Ordenação dos municípios de cada estrato segundo o porte. 3. Sorteio dos municípios de cada estrato. 4. Os respondentes são selecionados através de quotas amostrais proporcionais em função de variáveis significativas, a saber: GÊNERO / FAIXA ETÁRIA - FEMININO E MASCULINO 16 A 34 ANOS 14,9% E 14%, 35 A 54 ANOS 19,3% E 17,9%, 55 ANOS OU MAIS 18,3% E 15,6%. GRAU DE INSTRUÇÃO - FEMININO Sem instrução até Ensino Médio completo 64,1%, Ensino superior incompleto e completo % NÍVEL ECONÔMICO - FEMININO população não economicamente ativa 46,5% população economicamente ativa 53,5% MASCULINO população não economicamente ativa 27,2% população economicamente ativa 72,8%. RENDA FAMILIAR DO DOMICÍLIO renda familiar de até 2 salários-mínimos 30,7%; de 2 a 5 salários-mínimos 44,2%, acima de 5 salários-mínimos 25,1%. Está prevista eventual ponderação para correção das variáveis, com base nos percentuais anteriormente mencionados, caso ocorram diferenças superiores a margem de erro da pesquisa previsto entre a amostra e a coleta de dados realizada. O fator previsto para ponderação é 1 (resultados obtidos na coleta de dados). O intervalo de confiança estimado é de 95% e a margem de erro máxima estimada considerando um modelo de amostragem aleatório simples, é de aproximadamente 2,5 pontos percentuais para mais ou para menos sobre os resultados encontrados no total da amostra. FONTE DOS DADOS: IBGE/Censo 2022 para fins de densidade demográfica, setores censitários e alocação da amostra. IBGE/PNAD/PNADC/MEC/INEP para fins de Nível Econômico e Escolaridade. TSE FEVEREIRO/2026 para fins de Sexo, Faixa Etária e eleitorado por município ou regiões previamente definidas (importante ressaltar para o público leigo que os dados do TSE são os únicos corretos para gênero, idade dos eleitores e quantitativo de eleitores por municípios já que a base de dados se atualiza automaticamente, PORÉM, dados de escolaridade e nível econômico NÃO são corretos e confiáveis devido a desatualização que ocorre naturalmente com o passar dos anos). Definição de margem de erro e intervalo de confiança: Margem de erro e intervalo de confiança não são grandezas diretamente proporcionais. A SOMA NÃO TEM QUE RESULTAR 100%. ";"Após os trabalhos de coleta de dados, os questionários são submetidos a uma fiscalização, conferência e checagem de cerca de 20% (vinte por cento) dos questionários aplicados.";"A relação dos municípios sorteados ou selecionados para esta pesquisa será apresentada em arquivo anexo até 1 (um) dia após a divulgação desta pesquisa conforme §7º. do art. 2º. da Resolução-TSE nº. 23.600/2019. A área de abrangência desta pesquisa é o Estado DE MINAS GERAIS."
"21/07/2026";"05:46:28";2026;81;"Eleições Gerais 2026";"MG";"MG";"MINAS GERAIS";"MG029912026";"2026-05-01 13:30:56";"N";"01269029000136";"BOAS E BOAS CONSULTORIA E PESQUISAS LTDA";"DOXA INSTITUTO DE PESQUISAS";"Governador, Senador";"2026-05-01 00:00:00";"2026-05-03 00:00:00";"2026-05-07 00:00:00";1500;"9809";"MARCELO MOREIRA GADELHA DA SILVA";"120000,00";"Metodologia: Pesquisa quantitativa - Survey, que consiste na realização de entrevistas pessoais e domiciliares com a aplicação de questionários estruturados e padronizados junto a uma amostra representativa do eleitorado de MINAS GERAIS. Aplicação do questionário em plataforma digital (tablet). ";"Foi determinada uma amostra de (1.500) entrevistas, com eleitores maiores de 16 anos no ESTADO DE MINAS GERAIS. A amostra é determinada em três estágios, sendo o primeiro estágio sorteio probabilístico dos municípios usando PPT (Probabilidade Proporcional ao Tamanho) em relação aos público votante, no segundo estágio sorteio de setores censitários para comporem a amostra por meio do método amostragem aleatória estratificada a partir de suas populações totais, no terceiro estágio, são selecionados domicílios e pessoas a serem entrevistadas utilizando-se cotas amostrais quanto ao sexo, idade, escolaridade e renda. 
Sexo: Masculino (48%) e Feminino (52 %). 
Idade: 16-24 anos: (12%), 25-29 anos (10%), 30-39 anos (19%), 40- 49 anos (19  %), 50 - 59 anos (16%), + de 60 anos ( 24%). 
Grau de instrução: Sem instrução e fundamental incompleto (36%), Fundamental completo e médio incompleto (26%), Médio completo e superior incompleto ( 28 %), Superior completo ( 10 %). 
O nível econômico dos entrevistados (renda familiar mensal): Até 1 SM (21 %), De 1 a 2 SM ( 24 %), De 2 a 5 SM ( 35 %), De 5 a 10 SM (13 %), + de 10 SM ( 7% ).
Prevista ponderação para correção das variáveis sexo, idade, grau de instrução e nível econômico, caso ocorra diferenças com base nos percentuais acima mencionados. 
Área física de realização: Meso regiões censitárias.
Fonte - CD Mapas dos setores censitários urbanos. 

Intervalo de confiança: (95 %), Margem de erro (+/- 2,53 %). 
FONTE DOS DADOS: Censo IBGE 2022, Estatísticas mensais TSE ¿ Tribunal Superior Eleitoral 2026, IBGE -PNADc 2024  entre outras.";"A coleta de dados é realizada por entrevistadores treinados e orientados por coordenadores de campo e supervisionados por um coordenador geral. Os entrevistadores aplicam as entrevistas individuais domiciliares em setores censitários do IBGE previamente sorteados pelo Instituto. O coordenador geral, no recebimento (ON LINE) do material observará o cumprimento correto das localidades sorteadas (Programa de aplicação georreferenciado), das proporcionalidades, a correta aplicação do questionário (consistência e lógica) e sorteará 20% dos questionários aplicados para checagem por ÁUDIO das entrevistas (Programa grava as entrevistas na integra) onde será confirmada a existência do entrevistado, verificada sua correta aplicação e o cumprimento das cotas determinadas na planilha, ainda será, caso necessário, checado via telefone/in loco ocorrendo dúvidas quanto a correta aplicação não esclarecidas na audição. ";"A área de abrangência da coleta é o território do estado de Minas Gerais. A relação do número de pessoas pesquisadas nas áreas de aplicação da pesquisa, discriminadas por município, bairros e/ou área em que foi realizada a pesquisa e setores censitários a partir dos identificadores utilizados pelo IBGE, além da composição do eleitorado entrevistado na área de abrangência quanto a gênero, idade, grau de instrução e nível econômico, constará em anexo. O mapa com os códigos destes setores censitários e as áreas que delimitam no país todo podem ser conferidos na seguinte fonte oficial:
 https://censo2022.ibge.gov.br/panorama/mapas.html?localidade=&recorte=setores_censitarios
Ao dia seguinte da data em que a pesquisa estiver autorizada da divulgação em conformidade com a legislação, será complementada com a discriminação da amostra.
"
"21/07/2026";"05:46:28";2026;81;"Eleições Gerais 2026";"MG";"MG";"MINAS GERAIS";"MG065622026";"2026-03-07 09:08:28";"S";"22345021000181";"REAL TIME MIDIA LTDA";"REAL TIME BIG DATA";"Governador, Senador";"2026-03-11 00:00:00";"2026-03-12 00:00:00";"2026-03-13 00:00:00";2000;"10839";"Isabela Zara Cremoneze";"80000,00";"Pesquisa quantitativa, que consiste na realização de entrevistas pessoais, com a aplicação de questionário estruturado junto a uma amostra representativa do eleitorado em estudo. Pesquisa realizada no Estado de Minas Gerais (MG).";"Representativo do eleitorado da área em estudo, elaborada em três estágios. 
No primeiro estágio, realiza-se um sorteio probabilístico dos municípios onde as entrevistas serão realizadas, pelo método PPT (Probabilidade Proporcional ao Tamanho), tomando a população eleitora de 16 anos ou mais residente nos municípios como base para essa seleção.
No segundo estágio, efetua-se um sorteio probabilístico das localidades dentro dos municípios selecionados, também pelo método PPT (Probabilidade Proporcional ao Tamanho), considerando a população eleitora de 16 anos ou mais residente nessas localidades como base para a seleção.
No terceiro e último estágio, dentro das localidades sorteadas, os respondentes são selecionados por meio de quotas amostrais proporcionais, em função de variáveis significativas, a saber:

GÊNERO:
Feminino: 52,49%;
Masculino: 47,51%;
(Fonte: TSE, Fevereiro/2026 -- https://sig.tse.jus.br/ords/dwapr/r/seai/sig-eleitor-eleitorado-mensal/cruzamento-eleitorado-mensal?p24_metricas=E&p24_back=22&p24_cruzamento_1=ds_sexo&clear=24&session=114814000026706)
FAIXA ETÁRIA:
16 anos: 0,15%;
17 anos: 0,46%;
18 a 20 anos: 3,78%;
21 a 24 anos: 6,30%;
25 a 34 anos: 18,29%;
35 a 44 anos: 19,32%;
45 a 59 anos: 25,65%;
60 a 69 anos: 13,68%;
70 a 79 anos: 7,99%;
Superior a 79 anos: 4,36%;
(Fonte: TSE, Fevereiro/2026 -- https://sig.tse.jus.br/ords/dwapr/r/seai/sig-eleitor-eleitorado-mensal/cruzamento-eleitorado-mensal?p24_cruzamento_1=ds_faixa_etaria&p24_metricas=E&p24_back=22&clear=24&session=114814000026706)
ESCOLARIDADE:
Analfabeto: 3,91%;
Lê e Escreve: 6,89%;
Ensino Fundamental Incompleto: 24,33%;
Ensino Fundamental Completo: 6,08%;
Ensino Médio Incompleto: 19,53%;
Ensino Médio Completo: 24,93%;
Ensino Superior Incompleto: 4,27%;
Ensino Superior Completo: 10,05%;
(Fonte: TSE, Fevereiro /2026 -- https://sig.tse.jus.br/ords/dwapr/r/seai/sig-eleitor-eleitorado-mensal/cruzamento-eleitorado-mensal?p24_cruzamento_1=ds_grau_instrucao&p24_metricas=E&p24_back=22&clear=24&session=114814000026706)
RENDA DOMICILIAR MENSAL:
Sem rendimento: 3,03%;
Até 1/2 Salário Mínimo: 2,44%;
Mais de 1/2 a 1 Salário Mínimo: 15,35%;
Mais de 1 a 2 Salários Mínimos: 24,50%;
Mais de 2 a 5 Salários Mínimos: 35,45%;
Mais de 5 a 10 Salários Mínimos: 12,76%;
Mais de 10 a 20 Salários Mínimos: 4,55%;
Mais de 20 Salários Mínimos: 1,92%;
(Fonte: IBGE (CENSO-2010) -- https://cidades.ibge.gov.br/brasil/mg/pesquisa/23/24304?detalhes=true)
Observação: De acordo com informações do Instituto Brasileiro de Geografia e Estatística (IBGE), não há previsão de data para a divulgação do perfil econômico da população brasileira do CENSO 2022. Portanto, os dados sobre o nível econômico obtidos no Censo 2022 não podem ser utilizados, pois ainda não foram publicados.
Está prevista eventual ponderação para correção das variáveis sexo e idade, com base nos percentuais anteriormente mencionados, caso ocorram diferenças superiores a 3 pontos percentuais entre o previsto na amostra e a coleta de dados realizada. Para as variáveis de grau de instrução e nível econômico do entrevistado, o fator previsto para ponderação é 1 (resultados obtidos em campo). O nível de confiança estimado é de 95% e a margem de erro máxima estimada considerando um modelo de amostragem aleatório simples, é de aproximadamente 2 (dois) pontos percentuais para mais ou para menos sobre os resultados encontrados no total da amostra.
";"O trabalho de coleta de dados é acompanhado presencialmente por supervisores. São selecionados aleatoriamente 15% (quinze por cento) dos questionários para uma verificação posterior com ligações telefônicas para os números indicados nos formulários, em caso de dúvida, o formulário é descartado e o entrevistador chamado para esclarecimentos.";"O anexo do arquivo com os bairros será realizado até o dia seguinte da divulgação conforme indicado no §7º. do art. 2º. da Resolução-TSE nº. 23.600/2019.

"
"21/07/2026";"05:46:28";2026;81;"Eleições Gerais 2026";"MG";"MG";"MINAS GERAIS";"MG073832026";"2026-04-28 19:53:30";"N";"24091590000173";"DATA POVO INSTITUTO DE PESQUISAS MARKETING E CONSULTORIA LTDA";"DATA POVO CONSULTORIA";"Governador";"2026-04-20 00:00:00";"2026-04-21 00:00:00";"2026-05-04 00:00:00";1000;"10233";"Israel Oliveira da Costa Sousa";"99800,00";"Pesquisa quantitativa, do tipo survey, realizada por meio de entrevistas diretas, com aplicação de questionário estruturado a uma amostra representativa do eleitorado de Minas Gerais.";"O universo pesquisado é o eleitorado Estado de Minas Gerais, com 16 anos ou mais, que esteja apto a votar. O tamanho da amostra prevista é de 1.000 entrevistas, com uma margem de erro de 3,10% A amostra foi calculada pelo método de amostragem aleatória simples, essa amostra é estratificada com as cotas de ponderação segundo as variáveis sexo, idade, grau de instrução e nível econômico do eleitorado. O tamanho dos estratos será proporcional a esses segmentos, de acordo com as informações de estatística do eleitorado fornecidas pelo Tribunal Superior Eleitoral - TSE (dados do eleitorado de março/2026) e para as classes de rendimento, dados do Censo Demográfico realizado pelo Instituto Brasileiro de Geografia e Estatística - IBGE. Os tamanhos desses segmentos são: SEXO: Masculino (48%) e Feminino (52%); FAIXA ETÁRIA: 16 a 24 anos (11%), 25 a 44 anos (37%), 45 a 59 anos (26%) e 60 anos acima (26%); GRAU DE INSTRUÇÃO: Sem escolaridade/Lê e escreve (11%), Ensino Fundamental Incompleto/Completo (30%), Ensino Médio Incompleto/Completo (45%) e Ensino Superior Incompleto/Completo (14%); NÍVEL ECONÔMICO: Sem rendimento (3%), Até 1 salário mínimo (14%), De 1 a 2 salários mínimos (23%), De 2 a 5 salários mínimos (37%), De 5 a 10 salários mínimos (15%) e Acima de 10 salários mínimos (8%).";"O trabalho de coleta de dados é feito por entrevistadores e acompanhado in loco por supervisores. Após os trabalhos de campo, os questionários são submetidos a uma fiscalização de cerca de 20% (vinte por cento) dos questionários aplicados pelos entrevistadores; para verificação das respostas e da adequação dos entrevistadores aos parâmetros amostrais. Codificação e crítica de 100% dos questionários antes da tabulação.";"Belo Horizonte, Contagem, Betim, Uberlândia, Uberaba, Poços de Caldas, Pouso Alegre, Itajubá, Varginha, São Lourenço, Ouro Preto, Diamantina, Ipatinga, Governador Valadares, Montes Claros, Paracatu."
"21/07/2026";"05:46:28";2026;81;"Eleições Gerais 2026";"MG";"MG";"MINAS GERAIS";"MG016642026";"2026-03-25 15:49:01";"S";"19259002000128";"ATLASINTEL TECNOLOGIA DE DADOS LTDA";"ATLASINTEL";"Governador, Senador";"2026-03-25 00:00:00";"2026-03-30 00:00:00";"2026-03-31 00:00:00";2200;"11220";"ANDREI CAMILO DOS SANTOS";"75000,00";"Pesquisa quantitativa com coleta aleatória via questionário estruturado web e pós-estratificação da amostra de acordo com as características do eleitorado de Minas Gerais.

";"Amostra aleatória pós-estratificada via algoritmo iterativo com quotas proporcionais, representando características do eleitorado de Minas Gerais: SEXO: Masculino: 47.5%; Feminino: 52.5%. FAIXA ETÁRIA: Entre 16 a 24 anos: 10.7%; Entre 25 a 34 anos: 18.3%; Entre 35 a 44 anos: 19.3%; Entre 45 a 59 anos: 25.7%; 60 ou mais: 26.0%. ESCOLARIDADE: Ensino Fundamental completo ou incompleto e eleitores sem educação formal: 36.1%; Ensino Médio completo ou incompleto: 39.5%; Ensino Superior completo ou incompleto: 24.4%. NÍVEL ECONÔMICO: Renda familiar mensal até R$2000: 18.1%; Mais de R$2.000 a R$3.000: 17.2%; Mais de R$3.000 a R$5.000: 25.7%; Mais de R$5.000 a R$10.000: 26.6%; Mais de R$10.000: 12.5%. OBS.: devido ao arredondamento, a soma dos percentuais pode variar de 99% a 101%. Na agregação final, para cada variável de ponderação, serão admissíveis desvios de até 2.0 pontos percentuais em relação às quotas estipuladas. Confiança estimada: 95%, margem de erro: +/- 2.0 pontos percentuais. FONTE DOS DADOS: PNADC 2024 para escolaridade e nível econômico | TSE 2026 para sexo e faixa etária.

";"Coleta feita com a utilização de questionário eletrônico com procedimentos específicos para o armazenamento seguro dos dados. São checados manualmente no mínimo 15% dos questionários para detectar possíveis anomalias. Pesquisadores especializados realizam internamente uma verificação exaustiva da consistência dos dados antes da divulgação dos resultados finais.";"#NULO#"
"21/07/2026";"05:46:28";2026;81;"Eleições Gerais 2026";"MG";"MG";"MINAS GERAIS";"MG056132026";"2026-04-25 20:54:16";"S";"00654576000172";"INSTITUTO VERITA LTDA";"VERITA";"Governador, Senador";"2026-04-26 00:00:00";"2026-04-30 00:00:00";"2026-05-01 00:00:00";2030;"10699";"GUILHERME ALVARENGA LAIA";"156310,00";"Pesquisa quantitativa, que consiste na realização de entrevistas, com a aplicação de questionário estruturado junto a uma amostra representativa do eleitorado desta Unidade da Federação.";"ESTUDO REPRESENTATIVO DO ELEITORADO DO ESTADO DE MINAS GERAIS - MÉTODO PPT (Probabilidade Proporcional ao Tamanho) - PLANO AMOSTRAL E PONDERAÇÃO QUANTO A SEXO, IDADE, GRAU DE INSTRUÇÃO E NÍVEL ECONÔMICO DO ENTREVISTADO; INTERVALO DE CONFIANÇA E MARGEM DE ERRO: Representativo do eleitorado da área em estudo, elaborada, em vários estágios, da seguinte forma: - 1. Divisão da UF em estratos proporcionais de municípios. 2. Ordenação dos municípios de cada estrato segundo o porte. 3. Sorteio dos municípios de cada estrato. 4. Os respondentes são selecionados através de quotas amostrais proporcionais em função de variáveis significativas, a saber: GÊNERO / FAIXA ETÁRIA - FEMININO E MASCULINO 16 A 34 ANOS 14,9% E 14%, 35 A 54 ANOS 19,3% E 17,9%, 55 ANOS OU MAIS 18,3% E 15,6%. GRAU DE INSTRUÇÃO ¿ FEMININO E MASCULINO Sem instrução até Ensino Médio completo 64,1%, Ensino superior incompleto e completo 35,9% NÍVEL ECONÔMICO - FEMININO população não economicamente ativa 46,5% população economicamente ativa 53,5% MASCULINO população não economicamente ativa 27,2% população economicamente ativa 72,8%. RENDA FAMILIAR DO DOMICÍLIO renda familiar de até 2 salários-mínimos 30,7%; de 2 a 5 salários-mínimos 44,2%, acima de 5 salários-mínimos 25,1%. Está prevista eventual ponderação para correção das variáveis, com base nos percentuais anteriormente mencionados, caso ocorram diferenças superiores a margem de erro da pesquisa previsto entre a amostra e a coleta de dados realizada. O fator previsto para ponderação é 1 (resultados obtidos na coleta de dados). O intervalo de confiança estimado é de 95% e a margem de erro máxima estimada considerando um modelo de amostragem aleatório simples, é de aproximadamente 2,5 pontos percentuais para mais ou para menos sobre os resultados encontrados no total da amostra. FONTE DOS DADOS: IBGE/Censo 2022 para fins de densidade demográfica, setores censitários e alocação da amostra. IBGE/PNAD/PNADC/MEC/INEP para fins de Nível Econômico e Escolaridade. TSE FEVEREIRO/2026 para fins de Sexo, Faixa Etária e eleitorado por município ou regiões previamente definidas (importante ressaltar para o público leigo que os dados do TSE são os únicos corretos para gênero, idade dos eleitores e quantitativo de eleitores por municípios já que a base de dados se atualiza automaticamente, PORÉM, dados de escolaridade e nível econômico NÃO são corretos e confiáveis devido a desatualização que ocorre naturalmente com o passar dos anos). Definição de margem de erro e intervalo de confiança: Margem de erro e intervalo de confiança não são grandezas diretamente proporcionais. A SOMA NÃO TEM QUE RESULTAR 100%. ";"Após os trabalhos de coleta de dados, os questionários são submetidos a uma fiscalização, conferência e checagem de cerca de 20% (vinte por cento) dos questionários aplicados.";"A relação dos municípios sorteados ou selecionados para esta pesquisa será apresentada em arquivo anexo até 1 (um) dia após a divulgação desta pesquisa conforme §7º. do art. 2º. da Resolução-TSE nº. 23.600/2019. A área de abrangência desta pesquisa é o Estado DE MINAS GERAIS"
"21/07/2026";"05:46:28";2026;81;"Eleições Gerais 2026";"MG";"MG";"MINAS GERAIS";"MG037972026";"2026-03-03 19:18:12";"N";"81908345000140";"INSTITUTO PARANA DE PESQUISAS E ANALISE DE CONSUMIDOR LTDA";"#NULO#";"Governador, Senador";"2026-03-04 00:00:00";"2026-03-07 00:00:00";"2026-03-09 00:00:00";1350;"10245 - 4ª Região";"Tatiani Cristina Ara";"35000,00";"Pesquisa com metodologia quantitativa, com a realização de entrevistas pessoais, domiciliares e presenciais, utilizando questionário estruturado junto a uma amostra representativa do eleitorado do Estado do Minas Gerais.


";"""A amostra será representativa do eleitorado da área pesquisada e será selecionada em três etapas. Na primeira etapa realiza-se um sorteio probabilístico dos municípios onde as entrevistas serão realizadas através do método PPT (Probabilidade Proporcional ao Tamanho), considerando a população eleitora com 16 anos ou mais residente nos municípios como base para essa seleção. Na segunda etapa, faz-se um sorteio probabilístico das localidades, onde as entrevistas serão realizadas, através do método PPT (Probabilidade Proporcional ao Tamanho), tomando a população eleitora de 16 anos ou mais residente nas localidades como base para essa seleção. Na terceira etapa, a seleção do entrevistado dentro da localidade, será feita utilizando-se quotas amostrais proporcionais, em função das seguintes variáveis:
GÊNERO: TSE Fevereiro 2026 (https://sig.tse.jus.br/ords/dwapr/r/seai/sig-eleitor-eleitorado-mensal/cruzamento-eleitorado-mensal?p24_metricas=E&p24_back=22&p24_cruzamento_1=ds_sexo&clear=24&p0_uf=MG&debug=LEVEL5&session=312990078978641)
Masculino - 48%; |
Feminino - 52%; |
FAIXA ETÁRIA: TSE Fevereiro 2026 (https://sig.tse.jus.br/ords/dwapr/r/seai/sig-eleitor-eleitorado-mensal/cruzamento-eleitorado-mensal?p24_cruzamento_1=ds_faixa_etaria&p24_metricas=E&p24_back=22&clear=24&p0_uf=MG&debug=LEVEL5&session=8904950028837)
Entre 16 e 24 anos: 11%; |
Entre 25 e 34 anos: 18%; |
Entre 35 e 44 anos: 19%; |
Entre 45 e 59 anos: 26%; |
Com 60 anos ou mais: 26%; |
ESCOLARIDADE: TSE Fevereiro 2026 (https://sig.tse.jus.br/ords/dwapr/r/seai/sig-eleitor-eleitorado-mensal/cruzamento-eleitorado-mensal?p24_cruzamento_1=ds_grau_instrucao&p24_metricas=E&p24_back=22&clear=24&p0_uf=MG&debug=LEVEL5&session=309383598034615)
De analfabeto até ensino fundamental completo: 41%; |
Ensino médio incompleto ou completo: 45% |
Ensino superior incompleto ou completo: 14% |
RENDA DOMICILIAR MENSAL:  (https://cidades.ibge.gov.br/brasil/mg/pesquisa/23/24304) IBGE - Censo 2010. Observação: Conforme informações obtidas do Instituto Brasileiro de Geografia e Estatística, o IBGE, não divulgou - e não tem previsão - de data para divulgação do perfil econômico (nível econômico) da população brasileira; portanto, os dados quanto ao nível econômico obtidos no Censo 2022, não podem ser utilizados, pois não foram publicados. (https://censo2022.ibge.gov.br/panorama/)
Sem rendimentos até 2 salários mínimos: 45% |
Mais de 2 a 5 salários mínimos: 36% |
Mais de 5 salários mínimos: 19% |
Está prevista eventual ponderação para correção das variáveis gênero e faixa etária, com base nos percentuais acima apresentados, caso ocorram diferenças superiores a 3,0 (três) pontos percentuais entre o previsto na amostra e a coleta realizada; para as variáveis escolaridade e renda domiciliar mensal, o fator de ponderação é igual a 1 (resultados obtidos no campo). O nível de confiança estimado é de 95% (noventa e cinco por cento) para uma margem de erro estimada, considerando uma técnica de amostragem aleatória simples, de aproximadamente 2,7 (dois vírgula sete) pontos percentuais para mais ou para menos sobre os resultados obtidos.""





";"""As entrevistas serão conduzidas por uma equipe de entrevistadores e supervisores devidamente qualificados pelo Instituto Paraná Pesquisas, todos com experiência e treinamento específico em pesquisas de opinião pública. 
Controle: O controle do processo será realizado por meio de um software de coleta de dados, o qual permitirá o monitoramento garantindo o cumprimento das cotas amostrais.
Conferência e Fiscalização: Durante a coleta de dados os questionários aplicados são fiscalizados e conferidos através de um supervisor.   
Adicionalmente, pelo menos 30% dos questionários passarão por uma verificação posterior, que avaliará a precisão na aplicação e a adequação dos entrevistados às variáveis das quotas amostrais. Ou seja, no mínimo 405 entrevistas desta pesquisa serão auditadas pela equipe de qualidade do Instituto Paraná Pesquisas, podendo essa auditoria ser solicitada ao Instituto a qualquer momento.
Verificação: Após a coleta, os questionários passam por uma etapa de verificação e validação dos dados, para garantir a integridade e precisão dos dados coletados.""





";" ""A pesquisa será realizada no Estado do Minas Gerais, a relação dos dados relativos aos municípios e às localidades será apresentado até o dia seguinte à data a partir da qual a pesquisa puder ser divulgada, conforme §7º do art. 2º da Resolução-TSE nº. 23.600/2019""





"
"21/07/2026";"05:46:28";2026;81;"Eleições Gerais 2026";"MG";"MG";"MINAS GERAIS";"MG021092026";"2026-06-18 17:49:54";"N";"42532542000155";"DATA TEMPO LIMITADA";"#NULO#";"Governador, Senador";"2026-06-12 00:00:00";"2026-06-15 00:00:00";"2026-06-24 00:00:00";1000;"10230";"Bruno Augusto Silva Andrade";"55780,00";"A metodologia utilizada é Survey quantitativo, com realização das entrevistas de maneira pessoal em domicílio, com aplicação de questionário estruturado e padronizado em plataforma digital (tablet) junto à uma amostra representativa dos eleitores de Minas Gerais.";"O universo da pesquisa é composto por eleitores de Minas Gerais, com idade a partir de 16 anos. Realização 1.000 entrevistas, o que permite um erro amostral de 3,10% e nível de confiança de 95%. Distribuição da amostra pelo perfil dos entrevistados de acordo com cotas de sexo, idade, escolaridade e renda mensal familiar. Sexo:Masculino: (48%); Feminino:(52%) - Idade: 16 a 24 anos(11%); 25 a 34 anos: (18%); 35 a 44 anos: (19%); 45 a 59 anos: (26%); 60 anos ou mais: (26%) - Escolaridade: Até fundamental completo: (50%); Médio incompleto ou médio completo: (34%); Superior incompleto ou completo: (16%); Renda total de sua família: Até 2 SM: (72%); De 2 a 5 SM: (22%); Acima de 5 SM: (6%). Está prevista eventual ponderação para correção das variáveis citadas, com base nos percentuais anteriormente mencionados, caso ocorram diferenças acima do previsto entre o plano amostral e a coleta efetuada. (Fonte dos dados: IBGE - Censo Demográfico 2022).";"A coleta de dados é realizada por entrevistadores treinados, qualificados e supervisionados por coordenadores de campo. Todos os questionários são preenchidos no tablet e recebem crítica para avaliação quanto a consistência dos dados coletados, sendo que 20%dos questionários são separados, aleatoriamente, e submetidos à fiscalização e checagem através de novos contatos com os entrevistados, medida sempre adotada que visa garantir a qualidade e fidelidade dos dados coletados.";"conforme anexo."
"21/07/2026";"05:46:28";2026;81;"Eleições Gerais 2026";"MG";"MG";"MINAS GERAIS";"MG024302026";"2026-07-08 17:47:33";"N";"19090489000168";"MDA-PESQUISA DE OPINIAO PUBLICA E CONSULT. ESTATIST. LTDA - EPP";"#NULO#";"Governador, Senador, Deputado Federal, Deputado Estadual";"2026-07-07 00:00:00";"2026-07-12 00:00:00";"2026-07-14 00:00:00";600;"8109";"Marcelo Costa Souza";"20000,00";"Será adotada a metodologia quantitativa do tipo ?survey?, com entrevistas pessoais, do tipo face-a-face, domiciliar ou em pontos de fluxo, por meio da utilização de questionário estruturado, sendo o universo representado pelos eleitores de UBERABA/MG.";"O Universo desta pesquisa compreende os eleitores de UBERABA/MG com idade a partir de 16 anos, residentes em todas as regiões da cidade. Está prevista a realização de 600 entrevistas, o que fornece uma margem de erro amostral para o resultado total de 4,0 pontos percentuais (pp) considerando grau de confiança de 95%. Os intervalos de confiança serão calculados com base nos percentuais obtidos e com grau de confiança de 95%.
As entrevistas serão distribuídas nos bairros e setores censitários com base nas informações do CENSO 2022. As informações sobre gênero, idade, nível de instrução e nível econômico com base em informações do TSE (2026) e CENSO IBGE (2022, 2010).
Para a seleção dos entrevistados, o primeiro estágio envolve a distribuição das entrevistas nos bairros e setores censitários de forma proporcional ao tamanho (PPT). Dentro de cada bairro/setor censitário, os entrevistados são selecionados de forma a atender às cotas pré-estabelecidas em função das variáveis gênero, idade, renda e escolaridade. Para a variável gênero (TSE/Junho 2026), os tamanhos são: 46% de eleitores do gênero masculino e 54% do gênero feminino. Para a faixa etária (TSE/Junho 2026): 12% para eleitores entre 16 anos e 24 anos, 19% entre 25 anos e 34 anos, 21% entre 35 anos e 44 anos, 27% entre 45 anos e 59 anos e 22% com mais de 59 anos. Para renda familiar (IBGE 2010): 31% até 2 salários-mínimos (SM), 41% entre 2 e 5 SM e 28% acima de 5 SM. Para o grau de instrução (TSE/Junho 2026), 30% com até ensino fundamental completo, 44% com ensino médio completo ou incompleto e 26% com ensino superior completo ou incompleto. A ponderação prevista para estas variáveis é igual a 1, podendo ser ajustada em função de diferenças significativas entre a amostra coletada e os parâmetros previstos nesse planejamento amostral. A relação completa dos bairros e setores censitários visitados será encaminhada a esse tribunal de forma tempestiva.
";"Os pesquisadores são treinados especificamente para este projeto, com simulação de entrevistas e discussão de todas as questões. O trabalho de campo é acompanhado e fiscalizado pelo Coordenador da Equipe, especialmente treinado para esta tarefa.
As entrevistas são realizadas utilizando tablets e questionário eletrônico, com gravação em áudio das entrevistas e registro da coordenada geográfica de cada entrevista realizada. Todas as entrevistas passam por checagem de consistência enquanto, do total dos questionários preenchidos, parte será sorteada de forma aleatória para conferência, por meio de ligação telefônica ou pela escuta das entrevistas gravadas, garantindo um mínimo de 20% de checagem. Os procedimentos acima são realizados por profissionais especializados e com vasta experiência na condução de pesquisas de opinião.
Todas as informações coletadas e processadas nesta pesquisa atendem aos requisitos da Lei Geral de Proteção de Dados, garantindo o sigilo da identidade do respondente, armazenamento das informações, gestão e posterior exclusão das informações.
";"Os dados referentes a bairros / regiões / setores censitários abrangidos pela pesquisa serão informados a este tribunal dentro dos prazos estabelecidos pela legislação."
"21/07/2026";"05:46:28";2026;81;"Eleições Gerais 2026";"MG";"MG";"MINAS GERAIS";"MG078652026";"2026-03-26 14:40:56";"N";"52908063000144";"100% CIDADES PARTICIPACOES LTDA";"100 CIDADES";"Governador, Senador";"2026-03-24 00:00:00";"2026-03-27 00:00:00";"2026-04-01 00:00:00";1200;"8140";"Fabíola Miranda von Rondow";"96000,00";"Pesquisa do tipo quantitativa, por amostragem, com aplicação de questionário estruturado realizado por meio telefônico. O universo da pesquisa é o eleitorado do Estado de Minas Gerais com 16 anos ou mais.";"Representativo do eleitorado da área em estudo. A amostra é estratificada por região de moradia, com base na população residente nos municípios. (Fonte dos Dados: Censo IBGE 2022). Dentro das localidades, os respondentes são selecionados aleatoriamente pelo sistema de cotas amostrais em função de variáveis significativas, a saber: Gênero: masculino 47,5%; feminino 52,5% (Fonte dos Dados: TSE- fevereiro/2026 - https://sig.tse.jus.br/ords/dwapr/r/seai/sig-eleitor-eleitorado-mensal/cruzamento-eleitorado-mensal?p24_metricas=E&p24_back=1&clear=24&session=114896491538334- cruzamento 1: Gênero); Faixa etária: 16 a 24 anos, 10,7%; 25 a 34 anos, 18,3%; 35 a 44 anos, 19,3%; 45 a 59 anos, 25,7%; 60 anos ou mais, 26,0% (Fonte dos Dados: TSE- fevereiro/2026 - https://sig.tse.jus.br/ords/dwapr/r/seai/sig-eleitor-eleitorado-mensal/cruzamento-eleitorado-mensal?p24_metricas=E&p24_back=1&clear=24&session=114896491538334- cruzamento 1: Faixa Etária); Para a variável grau de instrução, os dados são: analfabeto/sabe ler e escrever, 10,8%; Ensino fundamental incompleto, 24,3%; Ensino fundamental completo, 6,1%; Ensino médio incompleto, 19,5%; Ensino médio completo, 24,9%; superior incompleto 4,3%; superior completo, 10,1% (Fonte dos dados: fevereiro/2026 - https://sig.tse.jus.br/ords/dwapr/r/seai/sig-eleitor-eleitorado-mensal/cruzamento-eleitorado-mensal?p24_metricas=E&p24_back=1&clear=24&session=114896491538334- cruzamento 1: Grau de instrução); Para a variável nível econômico, a renda familiar: Sem rendimento/até 1 salário-mínimo 20,8%; acima de 1 a 2 salários-mínimos 24,5%; acima de 2 a 5 salários-mínimos 35,4%; acima de 5 a 10 salários-mínimos 12,8%; acima de 10 salários-mínimos 6,5% (Fonte dos dados: Censo IBGE/2010 - https://cidades.ibge.gov.br/brasil/mg/pesquisa/23/24304). Observação: De acordo com informações do Instituto Brasileiro de Geografia e Estatística (IBGE), não há previsão de data para a divulgação do perfil econômico da população brasileira do CENSO 2022. Portanto, considerando que os dados sobre o nível econômico obtidos no Censo 2022 ainda não foram publicados, adotou-se para essa variável os dados disponíveis do Censo IBGE/2010. Está prevista eventual ponderação para correção das variáveis gênero, idade e grau de instrução com base nos percentuais anteriormente mencionados, caso ocorram diferenças superiores a 3 pontos percentuais entre o previsto na amostra e a coleta de dados realizada. Para a variável nível econômico do entrevistado, o fator previsto para ponderação é 1 (resultados obtidos em campo). O tamanho da amostra previsto é de 1200 entrevistas. O nível de confiança estimado é de 95% e a margem de erro máxima estimada considerando um modelo de amostragem aleatório simples, é de 2,8 pontos percentuais para mais ou para menos sobre os resultados encontrados no total da amostra. Os intervalos de confiança serão calculados considerando os resultados obtidos para um nível de confiança de 95%. FONTE DOS DADOS: Censo IBGE (2010 e 2022) | TSE (eleitorado de fevereiro / 2026).";"As entrevistas serão realizadas por uma equipe de entrevistadores qualificados, que receberão treinamento e orientações especificas sobre o questionário e os objetivos da pesquisa, antes de iniciarem a coleta. Durante todo o período de aplicação das entrevistas, os entrevistadores serão monitorados recebendo apoio ou orientações de uma equipe de supervisores, com experiência e treinamento em pesquisas de opinião pública. Serão checados no mínimo 20% (vinte por cento) dos questionários aplicados por cada entrevistador, para a verificação das respostas e adequação dos entrevistados aos parâmetros amostrais. Os dados coletados e tratados nesta pesquisa atendem às exigências da Lei nº 13.709, de 14 de agosto de 2018, a Lei Geral de Proteção de Dados ¿ LGPD, garantindo ao respondente o sigilo de sua identidade e de seus dados pessoais, bem como o correto tratamento de suas respostas.";"A área de abrangência da coleta é o Estado de Minas Gerais. A relação dos municípios selecionados para a pesquisa constará em anexo a ser apresentado até o dia seguinte, a partir do dia em que a pesquisa puder ser divulgada, conforme as Resoluções 23.600/2019, no art. 2º; §7º e 23.727/2024 do TSE."
"21/07/2026";"05:46:28";2026;81;"Eleições Gerais 2026";"MG";"MG";"MINAS GERAIS";"MG072992026";"2026-05-15 18:34:16";"S";"22345021000181";"REAL TIME MIDIA LTDA";"REAL TIME BIG DATA";"Governador, Senador";"2026-05-19 00:00:00";"2026-05-20 00:00:00";"2026-05-21 00:00:00";1600;"10839";"Isabela Zara Cremoneze";"64000,00";"Pesquisa quantitativa, que consiste na realização de entrevistas pessoais, com a aplicação de questionário estruturado junto a uma amostra representativa do eleitorado em estudo. Pesquisa realizada no Estado de Minas Gerais (MG).";"Representativo do eleitorado da área em estudo, elaborada em três estágios. 
No primeiro estágio, realiza-se um sorteio probabilístico dos municípios onde as entrevistas serão realizadas, pelo método PPT (Probabilidade Proporcional ao Tamanho), tomando a população eleitora de 16 anos ou mais residente nos municípios como base para essa seleção.
No segundo estágio, efetua-se um sorteio probabilístico das localidades dentro dos municípios selecionados, também pelo método PPT (Probabilidade Proporcional ao Tamanho), considerando a população eleitora de 16 anos ou mais residente nessas localidades como base para a seleção.
No terceiro e último estágio, dentro das localidades sorteadas, os respondentes são selecionados por meio de quotas amostrais proporcionais, em função de variáveis significativas, a saber:

GÊNERO:
Feminino: 52,48%;
Masculino: 47,52%;
(Fonte: TSE,Abril/2026 -- https://sig.tse.jus.br/ords/dwapr/r/seai/sig-eleitor-eleitorado-mensal/cruzamento-eleitorado-mensal?p24_metricas=E&p24_back=22&p24_cruzamento_1=ds_sexo&clear=24&session=200047853196389) 
FAIXA ETÁRIA:
16 anos: 0,29%;
17 anos: 0,59%;
18 a 20 anos: 3,84%;
21 a 24 anos: 6,27%;
25 a 34 anos: 18,18%;
35 a 44 anos: 19,21%;
45 a 59 anos: 25,58%;
60 a 69 anos: 13,65%;
70 a 79 anos: 8,00%;
Superior a 79 anos: 4,37%;
(Fonte: TSE, Abril/2026 -- https://sig.tse.jus.br/ords/dwapr/r/seai/sig-eleitor-eleitorado-mensal/cruzamento-eleitorado-mensal?p24_cruzamento_1=ds_faixa_etaria&p24_metricas=E&p24_back=22&clear=24&session=200047853196389) 
ESCOLARIDADE:
Analfabeto: 3,91%;
Lê e Escreve: 6,73%;
Ensino Fundamental Incompleto: 24,08%;
Ensino Fundamental Completo: 6,05%;
Ensino Médio Incompleto: 19,58%;
Ensino Médio Completo: 25,19%;
Ensino Superior Incompleto: 4,30%;
Ensino Superior Completo: 10,16%;
(Fonte: TSE, Abril/2026 -- https://sig.tse.jus.br/ords/dwapr/r/seai/sig-eleitor-eleitorado-mensal/cruzamento-eleitorado-mensal?p24_cruzamento_1=ds_grau_instrucao&p24_metricas=E&p24_back=22&clear=24&session=200047853196389) 
RENDA DOMICILIAR MENSAL:
Sem rendimento: 3,03%;
Até 1/2 Salário Mínimo: 2,44%;
Mais de 1/2 a 1 Salário Mínimo: 15,35%;
Mais de 1 a 2 Salários Mínimos: 24,50%;
Mais de 2 a 5 Salários Mínimos: 35,45%;
Mais de 5 a 10 Salários Mínimos: 12,76%;
Mais de 10 a 20 Salários Mínimos: 4,55%;
Mais de 20 Salários Mínimos: 1,92%;
(Fonte: IBGE (CENSO-2010) -- https://cidades.ibge.gov.br/brasil/mg/pesquisa/23/24304?detalhes=true)
Observação: De acordo com informações do Instituto Brasileiro de Geografia e Estatística (IBGE), não há previsão de data para a divulgação do perfil econômico da população brasileira do CENSO 2022. Portanto, os dados sobre o nível econômico obtidos no Censo 2022 não podem ser utilizados, pois ainda não foram publicados.
Está prevista eventual ponderação para correção das variáveis sexo e idade, com base nos percentuais anteriormente mencionados, caso ocorram diferenças superiores a 3 pontos percentuais entre o previsto na amostra e a coleta de dados realizada. Para as variáveis de grau de instrução e nível econômico do entrevistado, o fator previsto para ponderação é 1 (resultados obtidos em campo). O nível de confiança estimado é de 95% e a margem de erro máxima estimada considerando um modelo de amostragem aleatório simples, é de aproximadamente 2 (dois) pontos percentuais para mais ou para menos sobre os resultados encontrados no total da amostra.
";"O trabalho de coleta de dados é acompanhado presencialmente por supervisores. São selecionados aleatoriamente 15% (quinze por cento) dos questionários para uma verificação posterior com ligações telefônicas para os números indicados nos formulários, em caso de dúvida, o formulário é descartado e o entrevistador chamado para esclarecimentos.";"O anexo do arquivo com os bairros será realizado até o dia seguinte da divulgação conforme indicado no §7º. do art. 2º. da Resolução-TSE nº. 23.600/2019."
"21/07/2026";"05:46:28";2026;81;"Eleições Gerais 2026";"MG";"MG";"MINAS GERAIS";"MG068972026";"2026-03-13 15:43:49";"N";"42532542000155";"DATA TEMPO LIMITADA";"#NULO#";"Governador, Senador";"2026-03-14 00:00:00";"2026-03-18 00:00:00";"2026-03-19 00:00:00";2000;"10230";"Bruno Augusto Silva Andrade";"170000,00";"A metodologia utilizada é Survey quantitativo, com realização das entrevistas de maneira pessoal em domicílio, com aplicação de questionário estruturado e padronizado em plataforma digital (tablet) junto à uma amostra representativa dos eleitores de Minas Gerais.";"O universo da pesquisa é composto por eleitores de Minas Gerais, com idade a partir de 16 anos. Serão realizadas 2.000 entrevistas, o que permite um erro amostral de 2,19% e nível de confiança de 95%. Distribuição da amostra pelo perfil dos entrevistados de acordo com cotas de sexo, idade, escolaridade e renda mensal familiar. Sexo:Masculino: (48%); Feminino:(52%) - Idade: 16 a 24 anos (17%); 25 a 34 anos: (19%); 35 a 44 anos: (20%); 45 a 59 anos: (23%); 60 anos ou mais: (21%) - Escolaridade: Até fundamental completo: (42%); Médio incompleto ou médio completo: (38%); Superior incompleto ou completo: (23%) ¿ Renda total de sua família: Até 2 SM: (66%); De 2 a 5 SM: (25%);  Acima de 5 SM: (9%). Está prevista eventual ponderação para correção das variáveis citadas, com base nos percentuais anteriormente mencionados, caso ocorram diferenças acima do previsto entre o plano amostral e a coleta efetuada. (Fonte dos dados: IBGE - Censo Demográfico 2022).";"A coleta de dados é realizada por entrevistadores treinados, qualificados e supervisionados por coordenadores de campo. Todos os questionários são preenchidos no  tablet e recebem crítica para avaliação quanto a consistência dos dados coletados, sendo que 20% dos questionários são separados, aleatoriamente, e submetidos à fiscalização e checagem através de novos contatos com os entrevistados, medida sempre adotada que visa garantir a qualidade e fidelidade dos dados coletados.";"Conforme §6º. do art. 2º. da Resolução-TSE nº. 23.549, o pedido de registro poderá ser complementado pela entrega destes dados ao Tribunal Eleitoral até o sétimo dia seguinte ao registro da pesquisa. Serão enviados os dados relativos aos bairros abrangidos, na ausência de delimitação dos bairros, será identificada a área em que foi realizada."
"21/07/2026";"05:46:28";2026;81;"Eleições Gerais 2026";"MG";"MG";"MINAS GERAIS";"MG037312026";"2026-02-26 16:45:45";"N";"24089028000105";"F5 ATUALIZA DADOS LTDA";"F5 ATUALIZA DADOS";"Governador, Senador";"2026-03-02 00:00:00";"2026-03-05 00:00:00";"2026-03-04 00:00:00";1560;"9.077";"EDMILSON ANTÔNIO PEREIRA JÚNIOR";"6500,00";"A metodologia de pesquisa utilizada é quantitativa, realizada por meio da realização de ligações para telefones fixos e celulares junto a uma amostra de eleitores do estado de Minas Gerais.
";"A amostra de eleitores do estado de Minas Gerais é alocada de forma a considerar todas as Regiões Intermediárias. Dentro de cada Região Intermediária fará parte da amostra: a sede da Região (autorrepresentativa), dois municípios com população de até 30 mil habitantes (Porte 1) e outros dois municípios com população superior a 30 mil habitantes (Porte 2). Os municípios de Porte 1 e Porte 2 foram sorteados aleatoriamente. A quantidade de eleitores entrevistados em cada porte de município é assim definida: sede de Região ¿ 40 entrevistados; município de Porte 1 ¿ 15 entrevistados; e município de Porte 2 ¿ 25 entrevistados. 
A amostra dos eleitores do estado de Minas Gerais também leva em consideração as quotas referentes ao universo pesquisado, disponibilizadas pelos sites do TSE e do IBGE, considerando as variáveis sexo, faixa etária, grau de instrução e nível econômico dos entrevistados. Distribuição da amostra: Sexo (Fonte: TSE-2026): Masculino ¿ 47,5% e Feminino ¿ 52,5%. Faixa etária (Fonte: TSE-2026): Até 24 anos ¿ 10,7%; 25 a 34 anos ¿ 18,3%; 35 a 44 anos ¿ 19,3%; 45 a 59 anos ¿ 25,7%; 60 anos ou mais ¿ 26,0%. Grau de instrução (Fonte: TSE-2026): Analfabeto ¿ 3,9%; Até ensino fundamental incompleto ¿ 31,3%; Ensino fundamental completo ¿ 6,1%; Ensino médio completo ou incompleto ¿ 44,4%, Ensino superior completo ou incompleto ¿ 14,3%. Nível econômico (Fonte: Censo Demográfico 2022 IBGE): Sem rendimento ¿ 0,9%; Até 1 salário mínimo ¿ 37,6%; Mais de 1 a 2 salários mínimo ¿ 33,5%; Mais de 2 a 5 salários mínimo ¿ 21,9%; Mais de 5 a 10 salários mínimo ¿ 4,1% e Mais de 10 salários mínimo ¿ 2,0%
Tamanho da amostra (n): 1.560
Nível de confiança: 95%
Margem de erro estimada: 2,5 pontos percentuais";"Serão checados 20%";"Tamanho da amostra (n): 1.560
Nível de confiança: 95%
Margem de erro estimada: 2,5 pontos percentuais
Estado de Minas Gerais"
"21/07/2026";"05:46:28";2026;81;"Eleições Gerais 2026";"MG";"MG";"MINAS GERAIS";"MG025612026";"2026-03-27 13:35:00";"N";"08894976000167";"INPAC INSTITUTO DE PESQUISAS APLICADAS E CONSULTORIA LTDA - ME";"INPAC";"Governador, Deputado Federal, Deputado Estadual";"2026-03-21 00:00:00";"2026-03-22 00:00:00";"2026-04-02 00:00:00";510;"8782";"Neander Ferreira Almeida";"16500,00";"A presente pesquisa se dará na modalidade quantitativa do tipo survey com 510 eleitores domiciliados no Município de Patos de Minas, Minas Gerais. Salientando que a presente pesquisa é autoponderada, por se embasar em dados estatísticos fornecidos pelo Instituto Brasileiro de Geografia e Estatística (IBGE) e Tribunal Superior Eleitoral (TSE). A abordagem aos entrevistados será de forma direta, ou seja, entrevista pessoal, do tipo face-a-face, domiciliar ou em pontos de fluxo, por meio da utilização de questionário estruturado.";"O Universo desta pesquisa compreende os eleitores de Patos de Minas/MG com idade a partir de 16 anos, residentes em todos os bairros / regiões da cidade. Está prevista a realização de 510 entrevistas, o que fornece uma margem de erro amostral para o resultado total de no máximo 4,4 pontos percentuais (pp) considerando grau de confiança de 95%. As entrevistas serão distribuídas nos bairros e setores censitários com base nas informações do CENSO 2022. As informações sobre gênero, idade, nível de instrução e nível econômico com base em informações do TSE (2024) e CENSO IBGE (2022, 2010). Para a seleção dos entrevistados, o primeiro estágio envolve a distribuição das entrevistas nos bairros e setores censitários de forma proporcional ao tamanho (PPT). Dentro de cada bairro/setor censitário, os entrevistados são selecionados de forma a atender às cotas pré-estabelecidas em função das variáveis gênero, idade, renda e escolaridade. Para a variável gênero, os tamanhos são: 47,17% de eleitores do gênero masculino e 52,83% do gênero feminino. Para a faixa etária: 10,45% para eleitores entre 16 anos e 24 anos, 18,99% entre 25 anos e 34 anos, 18,88% entre 35 anos e 44 anos, 26,16% entre 45 anos e 59 anos e 25,51% com mais de 59 anos. Para renda familiar: 42,56% até 2 salários-mínimos (SM), 39,24% entre 2 e 5 SM e 18,20% acima de 5 SM. Para o grau de instrução, 40,93% com até ensino fundamental completo, 46,03% com ensino médio completo ou incompleto e 13,04% com ensino superior completo ou incompleto. A ponderação prevista para estas variáveis é igual a 1, podendo ser ajustada em função de diferenças significativas acima de 3 pontos percentuais entre a amostra coletada e os parâmetros previstos nesse planejamento amostral. Intervalo de confiança: 95%  e Margem de erro: 4,4% para mais ou para menos; A relação completa dos bairros e setores censitários visitados será encaminhada a esse tribunal de forma tempestiva.";"Os pesquisadores envolvidos na realização dos trabalhos são treinados e recebem instruções específicas para cada pesquisa realizada. A coleta será realizada com a utilização de tablet e questionário eletrônico. São checados, no mínimo, 20% dos questionários de cada pesquisador, seja in loco por supervisores de campo ou, posteriormente, por telefone.  Este percentual é definido com base à seguinte bibliografia técnica: Triola, M. F., Introdução à Estatística. 7ª ed., Rio de Janeiro: LTC Editora,1998. Magalhães, M. N. & Lima, A. C. P. Noções de Probabilidade e Estatística. 3ª ed., São Paulo: Edusp, 2001. Meyer, P. L. Probabilidade: Aplicações à Estatística. Rio de Janeiro: Livros Técnicos e Científicos, 1984. Internamente, o material é verificado e codificado. Antes do processamento final e emissão dos resultados, realiza-se processo de consistência dos dados. Os procedimentos acima são realizados por profissionais especializados e com vasta experiência na condução de pesquisas de opinião. Todas as informações coletadas e processadas nesta pesquisa atendem aos requisitos da Lei Geral de Proteção de Dados, garantindo o sigilo da identidade do respondente, armazenamento das informações, gestão e posterior exclusão das informações.";"Área física de realização da entrevista Município: Patos de Minas - Minas Gerais; Regiões abrangidas:   Os dados referentes a bairros / regiões / setores censitários abrangidos pela pesquisa serão informados a este tribunal dentro dos prazos estabelecidos pela legislação. Ponderação por região: 
                                                                                                                                                                            
Região 1: 14,3% (Jardim Itamarati, Coração Eucarístico, Residencial Sorriso, Caramuru, Alvorada, Nossa Senhora de Fátima, Residencial Barreiro, Sorriso)
Região 2: 7,6% (Padre Eustáquio, Nossa Senhora das Graças, Cerrado, Lagoinha, Rosário, Laranjeiras)
Região 3: 7,2% (São Francisco, Caiçaras, Alto Caiçaras, Aurélio Caixeta, Chácaras Caiçaras)
Região 4: 10,2% (Abner Afonso, Bela Vista, Nova Floresta, Vila Garcia, Novo Horizonte)
Região 5: 4,8% (Alto da Serra, Limoeiro, Alto Marabá)
Região 6: 7,0% (Centro, Jardim Califórnia, Jardim Floresta, Jardim Paraíso, Valparaíso, Jardim Centro)
Região 7: 6,8% (Cidade Jardim, Antônio Caixeta, Jardim Recanto, Boa Vista, Sebastião Amorim, Eldorado, Belvedere)
Região 8: 6,3% (Jardim Panorâmico, Afonso Queiroz, Jardim Vitória)
Região 9: 2,8% (Jardim América, Guanabara, Copacabana, Sobradinho)
Região 10: 5,8% (Santo Antônio, Brasil, São José Operário, Nossa Senhora Aparecida, Brasília, Várzea)
Região 11: 9,3% (Lagoa Grande, Santa Terezinha, Santa Luzia, Cristo Redentor, Cônego Getúlio, Vila Rosa)
Região 12: 6,9% (Jardim Paulistano, Cidade Nova, Ipanema, Planalto)
Região 13: 5,6% (Residencial Gramado, Jardim Céu Azul, Jardim dos Andrades, Jardim Peluzzo)
Região 14: 5,4% (Morada Do Sol, Alto Colina, Jardim Aquárius, Jardim Esperança, Residencial Monjolo)                                                                                                                                                                                                                                                                                                                                                             "
"21/07/2026";"05:46:28";2026;81;"Eleições Gerais 2026";"MG";"MG";"MINAS GERAIS";"MG058322026";"2026-03-04 20:41:08";"N";"14476135000132";"VIAVOX CONSULTORIA ADMINISTRATIVA E PESQUISAS DE OPINIAO LTDA";"#NULO#";"Governador, Senador, Deputado Federal, Deputado Estadual, Deputado Distrital";"2026-03-05 00:00:00";"2026-03-06 00:00:00";"2026-03-10 00:00:00";400;"10503";"KÁTIA REGINA BIANCO";"5000,00";" A VIAVOX CONSULTORIA E PESQUISAS entrevistará, com a utilização de equipamento eletrônico (tablets), através de sistema de coleta de dados, 400 eleitores com idade a partir de 16 anos, na cidade de PADRE PARAÍSO/MG divididos entre setores da cidade nos dias 05 e 06 de Fevereiro de 2026.
- Pesquisa quantitativa com aplicação de questionários estruturados através de entrevistas pessoais domiciliares junto a uma amostra aleatória, proporcional e representativa do eleitorado do Município de PADRE PARAÍSO/MG (Estado de Minas Gerais), com 16 anos ou mais, baseando-se na divisão dos setores censitários do município pelo Censo IBGE 2022, e na divisão do eleitorado local por sexo, idade e escolaridade definida pelo Tribunal Superior Eleitoral. Amostra estratificada por sexo, faixa etária e escolaridade através de sistema de cotas pré-definidas.
Plano amostral e ponderação quanto a sexo, idade, grau de instrução e nível econômico do entrevistado; intervalo de confiança e margem de erro:
- A margem de erro para o total da amostra é de 4,90% (quatro vírgula noventa) pontos Percentuais, para mais ou para menos, calculada considerando-se um coeficiente de confiança de 95% (noventa e cinco por cento).
";"Percentuais para ponderação quanto a sexo:
SEXO	TSE	%	AMOSTRA	%
Masculino (M)	6.880	48,09%	192	48,09%
Feminino (F)	7.426	51,91%	208	51,91%
TOTAL	14.306		400	100%

Percentuais para ponderação quanto a faixa etária:
IDADE	TSE	%	AMOSTRA	%
16 a 24 anos	1.842	13%	51	13%
25 a 34 anos	2.632	18%	74	18%
35 a 44 anos	2.595	18%	73	18%
45 a 59 anos	3.321	23%	93	23%
60 anos ou mais	3.925	27%	109	27%
TOTAL	14.315	100%	400	100%

Percentuais para ponderação quanto a grau de instrução:
GRAU DE INSTRUÇÃO	TSE	%	AMOSTRA	%
Analfabeto / nunca estudou	4.746	33%	132	33%
Ensino fundamental incompleto	3.180	22%	89	22%
Ensino fundamental completo	486	3%	14	3%
Ensino Médio incompleto	2.826	20%	79	20%
Ensino Médio completo	2.250	16%	63	16%
Superior incompleto	286	2%	8	2%
Superior completo	533	4%	15	4%
TOTAL	14.307	100%	400	100%

- Base utilizada: Justiça Eleitoral, estatística do eleitorado. Fator para a ponderação de nível econômico dos respondentes: (resultados obtidos em campo). Critério utilizado: faixas de renda familiar mensal.
Nota Técnica: O Censo traz o dado populacional. O coletado em campo, por amostragem, traz uma representação desse populacional [intuito principal da amostragem].
No trabalho de campo, é adotado um plano amostral probabilístico e robusto, o resultado oriundo da amostra (coletado em campo) permite, com um nível de confiança e uma certa margem de erro, estimar a renda populacional da localidade da pesquisa. Portanto, para o nível econômico do entrevistado (renda familiar mensal aproximada declarada) os dados de referência são os do Censo Demográfico IBGE 2022 (módulo Trabalho e Rendimento ¿ SIDRA Tabela 10296), com distribuição por faixas de rendimento domiciliar per capita em salários mínimos, reagrupadas nas faixas de renda familiar mensal conforme abaixo:
RENDA MENSAL EM SALÁRIOS MÍNIMOS	IBGE 2022	%	AMOSTRA
Até 1 salário mínimo	14.586	84,58%	338
De 1 a 2 salários mínimos	2.029	11,76%	47
De 2 a 5 salários mínimos	599	3,47%	14
Mais de 5 salários mínimos	33	0,19%	1
TOTAL	17.247	100%	400
";"- Sistema interno de controle e verificação, conferência e fiscalização da coleta de dados e do trabalho de campo:
- O sistema de coleta de dados possui funcionalidade de gravação de áudio das entrevistas, mediante autorização prévia e expressa do entrevistado, em conformidade com a Lei Geral de Proteção de Dados (LGPD ¿ Lei nº 13.709/2018). As gravações são utilizadas exclusivamente para fins de controle de qualidade e verificação da fidelidade das respostas, sendo armazenadas de forma segura e tratadas somente para formação de dados estatísticos.
- As equipes de campo têm em seus quadros supervisores que acompanham e checam a aplicação dos questionários in-loco como também a obediência às cotas pré-definidas; sua função é atestar a fidelidade das respostas obtidas pelos pesquisadores e garantir o rigor metodológico na aplicação dos formulários. A verificação das entrevistas, incluindo a auditoria das gravações de áudio, é realizada pelo coordenador de campo em, no mínimo, 20% da amostra coletada.
- Sistema Interno de Verificação: através da utilização de software específico, são aplicados testes para averiguar a consistência dos resultados obtidos.
";"#NULO#"
"21/07/2026";"05:46:28";2026;81;"Eleições Gerais 2026";"MG";"MG";"MINAS GERAIS";"MG013032026";"2026-06-16 18:12:58";"N";"23297294000160";"PANORAMA COMUNICACAO, PESQUISA E ASSESSORIA LTDA";"INSTITUTO PANORAMA";"Governador";"2026-06-17 00:00:00";"2026-06-23 00:00:00";"2026-06-22 00:00:00";1600;"8956";"Francy Anne Barbosa Cesar";"82000,00";"Objetivos: O intuito da pesquisa é averiguar a intenção de votos dos candidatos em/no MINAS GERAIS - BR. Utilizou-se a pesquisa quantitativa, por meio de
questionários, Plano amostral e ponderação quanto a sexo, idade, grau de instrução e nível econômico do entrevistado; Nível de confiança e margem de erro.";"Calculou-se a amostra com nível de confiança de 95,00 % e margem de erro de 2.45 pontos percentuais para mais ou para menos. O tamanho da população alvo
(número de eleitores de(o) MINAS GERAIS - BR) é igual a 16267143 eleitores, conforme o Tribunal Superior Eleitoral. Com base no tamanho populacional, nível de
confiança e margem de erro chegou-se a amostra de 1600 eleitores de(o) MINAS GERAIS - BR. O eleitor é selecionado aleatoriamente, um por domicílio.
Ponderou-se a amostra conforme sexo, idade, grau de instrução , nível econômico, bairros. Os dados referentes a sexo, idade e grau de instrução foram retirados no site
do TSE (Tribunal Superior Eleitoral), por meio da url- https://sig.tse.jus.br/ords/dwapr/r/seai/sig-eleitor-eleitorado-mensal/home, tendo como mês e ano de referência
05/2026. A fonte dos dados relacionados ao nível econômico é do IBGE (Instituto Brasileiro de Geografia e Estatística).Acessado pelo site na data deste plano amostral
por meio da url https://sidra.ibge.gov.br/Tabela/1161. Ambas as fontes foram pesquisadas em 11/05/2026.
Ponderação quanto ao sexo: masculino - 47.5% e feminino - 52.47% e não informado - 0.03%
Ponderação quanto a faixa etária: 16 a 24 anos - 10.99%; 25 a 34 anos - 18.19%; 35 a 44 anos - 19.21%; 45 a 59 anos - 25.58%, 60 anos ou mais - 26.02% e Inválida/Não
se aplica/Não informada - 0%
Ponderação quanto ao grau de escolaridade: Analfabeto - 3.91%; lê e escreve - 6.72%, ensino fundamental - 30.13%; ensino médio - 44.73%, ensino superior - 14.47% e
não informado - 0.05%.
Ponderação quanto ao nível econômico: Sem rendimento - até 1 salário mínimo - 61.92%; acima de 1 até 3 salários mínimos - 29.11% acima de 3 até 5 salários mínimos -
4.73% acima de 5 salários mínimos - 4.24%;";"Todos os entrevistadores são treinados para o trabalho de campo. Cada entrevistador está devidamente identificado com crachá (com foto) e colete do instituto. Os
supervisores de campo acompanham in loco a coleta dos dados, garantindo a conferência de todo material coletado. O método é uma entrevista por casa. São
entrevistados maiores de 16 anos que votam em MINAS GERAIS - BR. As coletas serão realizadas de forma eletrônica, por meio de tablets, garantindo assim maior
agilidade nas informações. Pelo menos 10% dos questionários aplicados pelos entrevistadores são checados pelos supervisores de campo (in loco).Todos os dados são
criticados e verificados.";"A área pesquisada será anexada conforme resolução"
"21/07/2026";"05:46:28";2026;81;"Eleições Gerais 2026";"MG";"MG";"MINAS GERAIS";"MG086462026";"2026-04-22 16:16:48";"N";"22445600000104";"QUAEST PESQUISAS, CONSULTORIA E PROJETOS LTDA.";"#NULO#";"Governador, Senador";"2026-04-22 00:00:00";"2026-04-26 00:00:00";"2026-04-28 00:00:00";1482;"6731";"Margarida Maria de Mendonça";"233840,06";"Pesquisa quantitativa, de survey, que consiste na realização de entrevistas pessoais, domiciliares e presenciais, conduzidas por profissionais treinados, com a aplicação de questionários estruturados a uma amostra representativa da população votante de 16 anos ou mais residente no estado de Minas Gerais. O desenho amostral aplicado combina sorteio probabilístico de municípios e de setores censitários fornecidos pelo IBGE (unidades territoriais homogêneas, de tamanho similar a quadras ou blocos), dentro dos quais serão selecionadas pessoas respondentes por meio de cotas amostrais.";"O público pesquisado é composto por eleitores de 16 anos ou mais residentes na área de abrangência da pesquisa. Para produzir uma amostra representativa desse público-alvo, utilizamos um desenho amostral por conglomerados que prevê três estágios. No primeiro estágio, é feito um sorteio probabilístico de municípios para comporem a amostra por meio do método PPT (Probabilidade Proporcional ao Tamanho) a partir de suas populações votantes acima de 16 anos. Dentro da lista de municípios sorteados, no segundo estágio, é realizado um sorteio probabilístico por meio do método PPT (Probabilidade Proporcional ao Tamanho) de setores censitários a serem visitados pelos entrevistadores, sorteio que tem como base o total de habitantes residentes nos setores de acordo com dados do Censo de 2022, o que garante a dispersão aleatória e estatística da amostra dentro dos territórios municipais, independentemente de divisões administrativas. Finalmente, dentro da lista de setores censitários sorteados, no último estágio são selecionados domicílios e pessoas a serem entrevistadas utilizando-se cotas amostrais para as seguintes variáveis: sexo, idade, renda familiar e escolaridade. O perfil da amostra, definido pelas cotas previstas, é o seguinte:

Sexo: Masculino (48%); Feminino (52%). 
Faixa etária: 16-34 anos (29%); 35-59 anos (45%); 60 ou mais (26%). 
Renda domiciliar total, incluindo pensões, benefícios e rendimentos de trabalhos informais: Até 2 salários-mínimos (28%); Mais de 2 a 5 salários-mínimos (48%); Mais de 5 salários-mínimos (24%). 
Nível de instrução: Até Fundamental completo ou médio incompleto (45%); Médio completo ou superior incompleto (37%); Superior completo ou mais (18%). 

Fonte dos dados: para a distribuição de sexo e idade, TSE-Tribunal Superior Eleitoral - março/2026; para a malha de setores censitários, Censo 2022 (IBGE); para a distribuição de renda domiciliar, PNADc Anual 2024, 5a visita (IBGE); e, para a distribuição de escolaridade/instrução, PNADc trimestral 4-2025 (IBGE). A PNADc é utilizada por ser a fonte oficial mais atualizada de rendimentos do país, incluindo rendimentos informais, pensões, entre outros, e corrigindo as defasagens temporais do Censo 2022, além de ser a fonte mais atualizada de nível de instrução da população com 16 anos ou mais dada ausência de atualização obrigatória da escolaridade no registro de eleitores do TSE.

Está prevista eventual pós-estratificação da amostra, por meio de algoritmos de calibração (rake) e modelos (MrP), para correção de estimativas e das distribuições das variáveis sexo, idade, renda familiar e escolaridade, com base nos percentuais anteriormente mencionados, caso ocorram diferenças entre os percentuais previstos na amostra e a coleta de dados realizada. 

Dentro do público-alvo anteriormente descrito, serão realizadas 1.482 entrevistas. O nível de confiança das estimativas é de 95% e a margem de erro máxima prevista, atendendo às diretivas do TSE e usando o cálculo para amostra aleatória simples (AAS) como aproximação, é de cerca de 3 pontos percentuais para mais ou para menos em relação aos totais da amostra.";"As entrevistas serão realizadas por uma equipe de entrevistadores devidamente qualificada, com experiência e treinamento em pesquisa de opinião pública. Todo trabalho é feito em tablets ou outros dispositivos eletrônicos. Após a realização da coleta de dados, as entrevistas junto aos respondentes são checadas por meio de procedimentos de consistência e de georreferenciamento dos locais de aplicação em tempo real. Adicionalmente, ao longo e após os trabalhos de campo, é realizada uma fiscalização que consiste na checagem de áudio de uma amostra de 30% dos questionários aplicados para verificação das respostas e da adequação dos entrevistados aos parâmetros amostrais.";"A área de abrangência da coleta é o território do estado de Minas Gerais. A relação do número de pessoas pesquisadas nas áreas de aplicação da pesquisa, discriminadas por município, bairros e setores censitários a partir dos identificadores utilizados pelo IBGE, além da composição do eleitorado entrevistado na área de abrangência quanto a gênero, idade, grau de instrução e nível econômico, constará em anexo. O mapa com os códigos destes setores censitários e as áreas que delimitam no país todo podem ser conferidos na seguinte fonte oficial: https://censo2022.ibge.gov.br/panorama/mapas.html?localidade=&recorte=setores_censitarios"
"21/07/2026";"05:46:28";2026;81;"Eleições Gerais 2026";"MG";"MG";"MINAS GERAIS";"MG027702026";"2026-02-22 00:00:00";"N";"04851508000154";"INSTITUTO GAZETA LTDA";"IGAPE- INSTITUTO GAZETA DE PEQUISAS";"Governador, Senador, Deputado Federal, Deputado Estadual";"2026-02-13 00:00:00";"2026-02-16 00:00:00";"2026-02-23 00:00:00";1200;"10394";"FILIPE MOREIRA MARTINE";"5000,00";"A metodologia utilizada é Survey quantitativo, com realização das entrevistas através de pesquisa telefônica, com aplicação de questionário estruturado e padronizado em plataforma digital (tablet ou computador) junto a uma amostra representativa dos eleitores de Minas Gerais.";"O universo da pesquisa é composto por eleitores de Minas Gerais, com idade a partir de 16 anos. A amostra prevista será de 1.200 entrevistas. A Seleção da amostra será realizada utilizando-se quotas amostrais proporcionais, em função das seguintes variáveis. SEXO: Masculino: (48%); Feminino: (52%) - IDADE: 16 a 29 anos (20%); 30 a 44 anos: (29%); 45 a 59 anos: (26%); 60 anos ou mais: (25%) - ESCOLARIDADE: Analfabeto/Lê e escreve: (11%); Fundamental completo ou incompleto: (30%); Médio completo ou incompleto: (44%); Superior completo ou incompleto: (14%); RENDA INDIVIDUAL: Até 1 SM: (39%); De 1 a 2 SM: (34%); Acima de 2 SM (27%). Está prevista eventual ponderação para correção das variáveis, com base nos percentuais acima apresentados - Área física: Unidade Federativa de Minas Gerais. Margem de Erro: A margem de erro máxima prevista para o total da amostra é de 2,8 pontos percentuais para mais ou para menos, considerando um nível de confiança de 95%. Fonte de Dados: TSE: Estatísticas do Eleitorado 2026 e IBGE Censo 2022.";"A coleta de dados é realizada por entrevistadores, orientados por coordenadores de campo. Todos os questionários preenchidos recebem crítica para avaliação da consistência dos dados coletados, sendo que 20% dos questionários serão submetidos à conferência através de novos contatos com os entrevistados, medida sempre adotada que visa garantir a qualidade e fidelidade dos dados coletados. Conforme §6º. do art. 2º. da Resolução-TSE nº. 23.549, o pedido de registro poderá ser complementado pela entrega destes dados ao Tribunal Eleitoral até o sétimo dia seguinte ao registro da pesquisa. Serão enviados os dados relativos aos bairros abrangidos, na ausência de delimitação dos bairros, será identificada a área em que foi realizada)";"#NULO#"
