"DT_GERACAO";"HH_GERACAO";"AA_ELEICAO";"NR_PROTOCOLO_REGISTRO";"CD_CONTRATANTE";"NR_CPF_CNPJ_CONTRATANTE";"NM_CONTRATANTE";"VR_PAGO_CONTRATANTE";"ST_CONTRATANTE_PAGANTE";"DS_ORIGEM_RECURSO"
"23/07/2026";"05:46:37";2026;"GO042202026";50720;"16677702000144";"TV ATUAL LTDA / TV ATUAL RECORD NEWS";"5000,00";"S";"Outros"
"23/07/2026";"05:46:37";2026;"GO058782026";354603;"26883827000184";"LUIZ CARLOS PERES / RG REPORTER GOIAS";"5000,00";"S";"Outros"
"23/07/2026";"05:46:37";2026;"GO005012026";50927;"09236355000159";"OPCAO NOTICIAS LTDA";"45000,00";"S";"Outros"
"23/07/2026";"05:46:37";2026;"GO023952026";50785;"35487774000173";"ASSAEGO ASSOCIACAO DAS AUTO ESCOLA DE GOIAS / ASSAEGO";"15000,00";"S";"Outros"
"23/07/2026";"05:46:37";2026;"GO013402026";51695;"55794755000105";"MAIS GOIAS COMUNICACAO LTDA / MAIS GOIAS";"45000,00";"S";"Outros"
"23/07/2026";"05:46:37";2026;"GO012932026";51435;"33218203000108";"TRILHAS DO CERRADO PRODUCOES E PUBLICIDADES LTDA / TRILHAS DO CERRADO";"20000,00";"S";"Outros"
"23/07/2026";"05:46:37";2026;"GO013082026";51465;"16677702000144";"TV ATUAL LTDA / TV ATUAL";"3000,00";"S";"Outros"
"23/07/2026";"05:46:37";2026;"GO075982026";50732;"05674045100";"BRUNO LUCAS MACHADO DOS SANTOS";"6000,00";"S";"Outros"
"23/07/2026";"05:46:37";2026;"GO051142026";50671;"35487774000173";"ASSAEGO ASSOCIACAO DAS AUTO ESCOLA DE GOIAS / ASSAEGO";"13500,00";"S";"Outros"
"23/07/2026";"05:46:37";2026;"GO000722026";51594;"16677702000144";"TV ATUAL LTDA / TV ATUAL";"5000,00";"S";"Outros"
"23/07/2026";"05:46:37";2026;"GO033242026";50672;"10924315000189";"FM COMUNICACAO LTDA / GOIAS ADENTRO";"10000,00";"S";"Outros"
"23/07/2026";"05:46:37";2026;"GO025072026";215;"00654576000172";"INSTITUTO VERITA LTDA";"0,00";"N";"#NULO#"
"23/07/2026";"05:46:37";2026;"GO002672026";215;"00654576000172";"INSTITUTO VERITA LTDA";"0,00";"N";"#NULO#"
"23/07/2026";"05:46:37";2026;"GO007342026";242450;"39147895000127";"AGENCIA CALCULU'S DE PESQUISA E JORNALISMO LTDA";"0,00";"N";"#NULO#"
"23/07/2026";"05:46:37";2026;"GO077582026";6030;"44826961000125";"SMS - DIRECT PESQUISAS E MARKETING LTDA";"0,00";"N";"#NULO#"
"23/07/2026";"05:46:37";2026;"GO038752026";6030;"44826961000125";"SMS - DIRECT PESQUISAS E MARKETING LTDA";"0,00";"N";"#NULO#"
"23/07/2026";"05:46:37";2026;"GO020442026";50713;"36622925000111";"MIDDAS COMUNICACAO E PUBLICIDADE LTDA / MIDDAS COMUNICACAO";"4000,00";"S";"Outros"
"23/07/2026";"05:46:37";2026;"GO031452026";51492;"33218203000108";"TRILHAS DO CERRADO PRODUCOES E PUBLICIDADES LTDA / TRILHAS DO CERRADO";"25000,00";"S";"Outros"
"23/07/2026";"05:46:37";2026;"GO079822026";51031;"16677702000144";"TV ATUAL LTDA / TV ATUAL RECORD NEWS";"5000,00";"S";"Outros"
"23/07/2026";"05:46:37";2026;"GO013362026";51557;"16677702000144";"TV ATUAL LTDA / TV ATUAL";"8000,00";"S";"Outros"
"23/07/2026";"05:46:37";2026;"GO080462026";50690;"36622925000111";"MIDDAS COMUNICACAO E PUBLICIDADE LTDA / MIDDAS COMUNICACAO";"5000,00";"S";"Outros"
"23/07/2026";"05:46:37";2026;"GO051352026";51003;"33218203000108";"TRILHAS DO CERRADO PRODUCOES E PUBLICIDADES LTDA / TRILHAS DO CERRADO";"10000,00";"S";"Outros"
"23/07/2026";"05:46:37";2026;"GO078592026";51696;"36039183000104";"PAPO ABERTO SERVICOS DE COMUNICACAO LTDA / PAPO ABERTO";"19700,00";"S";"Outros"
"23/07/2026";"05:46:37";2026;"GO090032026";50631;"16677702000144";"TV ATUAL LTDA / TV ATUAL RECORD NEWS";"3000,00";"S";"Outros"
"23/07/2026";"05:46:37";2026;"GO018952026";50447;"16677702000144";"TV ATUAL LTDA / TV ATUAL RECORD NEWS";"3000,00";"S";"Outros"
"23/07/2026";"05:46:37";2026;"GO055532026";51002;"33218203000108";"TRILHAS DO CERRADO PRODUCOES E PUBLICIDADES LTDA / TRILHAS DO CERRADO";"10000,00";"S";"Outros"
"23/07/2026";"05:46:37";2026;"GO030312026";51017;"60509239000547";"RADIO E TELEVISAO BANDEIRANTES S.A.";"72000,00";"S";"Outros"
"23/07/2026";"05:46:37";2026;"GO073902026";51093;"49272679000167";"SAUSALITO SOLUCOES INTELIGENTES LTDA / SAUSALITO SOLUCOES INTELIGENTES";"6000,00";"S";"Outros"
"23/07/2026";"05:46:37";2026;"GO093612026";51430;"26883827000184";"LUIZ CARLOS PERES / RG REPORTER GOIAS";"8000,00";"S";"Outros"
"23/07/2026";"05:46:37";2026;"GO054432026";52096;"40074419000102";"CONECTA PRO SOLUCOES INTELIGENTES LTDA";"19700,00";"S";"Outros"
"23/07/2026";"05:46:37";2026;"GO031452026";51491;"33218203000108";"TRILHAS DO CERRADO PRODUCOES E PUBLICIDADES LTDA / TRILHAS DO CERRADO";"25000,00";"S";"#NULO#"
"23/07/2026";"05:46:37";2026;"GO058562026";50833;"26883827000184";"LUIZ CARLOS PERES / RG REPORTER GOIAS";"15000,00";"S";"Outros"
"23/07/2026";"05:46:37";2026;"GO062742026";50387;"33218203000108";"TRILHAS DO CERRADO PRODUCOES E PUBLICIDADES LTDA / TRILHAS DO CERRADO";"6000,00";"S";"Outros"
"23/07/2026";"05:46:37";2026;"GO047102026";6030;"44826961000125";"SMS - DIRECT PESQUISAS E MARKETING LTDA";"0,00";"N";"#NULO#"
"23/07/2026";"05:46:37";2026;"GO068172026";133215;"14293213000163";"NUMEN DATA PESQUISA E CONSULTORIA LTDA";"0,00";"N";"#NULO#"
"23/07/2026";"05:46:37";2026;"GO043682026";6030;"44826961000125";"SMS - DIRECT PESQUISAS E MARKETING LTDA";"0,00";"N";"#NULO#"
"23/07/2026";"05:46:37";2026;"GO097102026";6030;"44826961000125";"SMS - DIRECT PESQUISAS E MARKETING LTDA";"0,00";"N";"#NULO#"
"23/07/2026";"05:46:37";2026;"GO087742026";133215;"14293213000163";"NUMEN DATA PESQUISA E CONSULTORIA LTDA";"0,00";"N";"#NULO#"
"23/07/2026";"05:46:37";2026;"GO067542026";215;"00654576000172";"INSTITUTO VERITA LTDA";"0,00";"N";"#NULO#"
"23/07/2026";"05:46:37";2026;"GO012992026";215;"00654576000172";"INSTITUTO VERITA LTDA";"0,00";"N";"#NULO#"
"23/07/2026";"05:46:37";2026;"GO034282026";50415;"33218203000108";"TRILHAS DO CERRADO PRODUCOES E PUBLICIDADES LTDA / TRILHAS DO CERRADO";"4000,00";"S";"#NULO#"
"23/07/2026";"05:46:37";2026;"GO098542026";50508;"62520690000167";"62.520.690 LUCIANO VICTOR ALVES REZENDE";"4000,00";"S";"Outros"
"23/07/2026";"05:46:37";2026;"GO034932026";51906;"01615301000192";"ASSOCIACAO COMERCIAL, INDUSTRIAL E DE SERVICOS DO ESTADO DE GOIAS";"65000,00";"S";"Outros"
"23/07/2026";"05:46:37";2026;"GO089632026";51946;"20011735000128";"ASSOCIACAO COMERCIAL E INDUSTRIAL DAS CONFECCOES DO ESTADO DE GOIAS - ACICEG / ACICEG";"22000,00";"S";"Outros"
"23/07/2026";"05:46:37";2026;"GO075062026";51949;"16677702000144";"TV ATUAL LTDA / TV ATUAL";"12000,00";"S";"Outros"
"23/07/2026";"05:46:37";2026;"GO033102026";354642;"11520037000167";"FZ CONTEUDO E CONSULTORIA LTDA / SOL";"10000,00";"S";"Outros"
"23/07/2026";"05:46:37";2026;"GO098852026";50994;"09236355000159";"OPCAO NOTICIAS LTDA";"45000,00";"S";"Outros"
"23/07/2026";"05:46:37";2026;"GO041492026";50843;"16677702000144";"TV ATUAL LTDA / TV ATUAL RECORD NEWS";"4000,00";"S";"Outros"
"23/07/2026";"05:46:37";2026;"GO082702026";51353;"26883827000184";"LUIZ CARLOS PERES / RG REPORTER GOIAS";"4000,00";"S";"Outros"
"23/07/2026";"05:46:37";2026;"GO029012026";50712;"36622925000111";"MIDDAS COMUNICACAO E PUBLICIDADE LTDA / MIDDAS COMUNICACAO";"3500,00";"S";"Outros"
"23/07/2026";"05:46:37";2026;"GO069672026";50351;"74655256168";"ANDRE DA SILVA LIMA";"15000,00";"S";"Outros"
"23/07/2026";"05:46:37";2026;"GO020702026";51469;"53836054000158";"GSTV GOIAS COMUNICACAO LTDA / GSTV GOIAS";"45000,00";"S";"Outros"
"23/07/2026";"05:46:37";2026;"GO069672026";50350;"74655256168";"ANDRE DA SILVA LIMA";"15000,00";"S";"Outros"
"23/07/2026";"05:46:37";2026;"GO088332026";354602;"26883827000184";"LUIZ CARLOS PERES / RG REPORTER GOIAS";"12000,00";"S";"Outros"
"23/07/2026";"05:46:37";2026;"GO014752026";354559;"43310149000180";"ASSOCIACAO DAS EMPRESAS DE ENGENHARIA E LIMPEZA URBANA DO BRASIL / ALUBRAS";"25000,00";"N";"#NULO#"
"23/07/2026";"05:46:37";2026;"GO031162026";51897;"16677702000144";"TV ATUAL LTDA / TV ATUAL";"3000,00";"S";"Outros"
"23/07/2026";"05:46:37";2026;"GO002112026";51313;"45246410000155";"BANCO GENIAL S.A.";"239169,81";"S";"Outros"
"23/07/2026";"05:46:37";2026;"GO092292026";581752;"05270800000146";"GERP MERCADOLOGIA LTDA";"0,00";"N";"#NULO#"
"23/07/2026";"05:46:37";2026;"GO055142026";215;"00654576000172";"INSTITUTO VERITA LTDA";"0,00";"N";"#NULO#"
"23/07/2026";"05:46:37";2026;"GO020582026";215;"00654576000172";"INSTITUTO VERITA LTDA";"0,00";"N";"#NULO#"
"23/07/2026";"05:46:37";2026;"GO075692026";286502;"22345021000181";"REAL TIME MIDIA LTDA";"0,00";"N";"#NULO#"
"23/07/2026";"05:46:37";2026;"GO022272026";6030;"44826961000125";"SMS - DIRECT PESQUISAS E MARKETING LTDA";"0,00";"N";"#NULO#"
"23/07/2026";"05:46:37";2026;"GO010192026";51211;"33218203000108";"TRILHAS DO CERRADO PRODUCOES E PUBLICIDADES LTDA / TRILHAS DO CERRADO";"5000,00";"S";"Outros"
"23/07/2026";"05:46:37";2026;"GO085252026";51289;"14950755000161";"GMV MIDIA EXTERNA LTDA / GMV MIDIA EXTERNA";"25000,00";"N";"#NULO#"
"23/07/2026";"05:46:37";2026;"GO019812026";50416;"33218203000108";"TRILHAS DO CERRADO PRODUCOES E PUBLICIDADES LTDA / TRILHAS DO CERRADO";"4000,00";"S";"#NULO#"
"23/07/2026";"05:46:37";2026;"GO013662026";52074;"53836054000158";"GSTV GOIAS COMUNICACAO LTDA / GSTV GOIAS";"45000,00";"S";"Outros"
"23/07/2026";"05:46:37";2026;"GO050012026";50425;"16677702000144";"TV ATUAL LTDA / TV ATUAL RECORD NEWS";"3000,00";"S";"Outros"
"23/07/2026";"05:46:37";2026;"GO009762026";50835;"16677702000144";"TV ATUAL LTDA / TV ATUAL RECORD NEWS";"4000,00";"S";"Outros"
"23/07/2026";"05:46:37";2026;"GO073692026";50471;"62520690000167";"62.520.690 LUCIANO VICTOR ALVES REZENDE";"4000,00";"S";"Outros"
"23/07/2026";"05:46:37";2026;"GO076832026";51839;"14950755000161";"GMV MIDIA EXTERNA LTDA / GMV MIDIA EXTERNA";"20000,00";"N";"#NULO#"
"23/07/2026";"05:46:37";2026;"GO065422026";51454;"16677702000144";"TV ATUAL LTDA / TV ATUAL";"7500,00";"S";"Outros"
"23/07/2026";"05:46:37";2026;"GO040102026";50410;"33218203000108";"TRILHAS DO CERRADO PRODUCOES E PUBLICIDADES LTDA / TRILHAS DO CERRADO";"6000,00";"S";"Outros"
"23/07/2026";"05:46:37";2026;"GO039862026";6030;"44826961000125";"SMS - DIRECT PESQUISAS E MARKETING LTDA";"0,00";"N";"#NULO#"
"23/07/2026";"05:46:37";2026;"GO050742026";583514;"38396085000141";"DANGER COMUNICACAO E MARKETING LTDA";"0,00";"N";"#NULO#"
"23/07/2026";"05:46:37";2026;"GO010632026";286502;"22345021000181";"REAL TIME MIDIA LTDA";"0,00";"N";"#NULO#"
"23/07/2026";"05:46:37";2026;"GO015342026";6030;"44826961000125";"SMS - DIRECT PESQUISAS E MARKETING LTDA";"0,00";"N";"#NULO#"
"23/07/2026";"05:46:37";2026;"GO008542026";6030;"44826961000125";"SMS - DIRECT PESQUISAS E MARKETING LTDA";"0,00";"N";"#NULO#"
"23/07/2026";"05:46:37";2026;"GO019842026";583514;"38396085000141";"DANGER COMUNICACAO E MARKETING LTDA";"0,00";"N";"#NULO#"
"23/07/2026";"05:46:37";2026;"GO037512026";286502;"22345021000181";"REAL TIME MIDIA LTDA";"0,00";"N";"#NULO#"
